<ImportExportXml version="8.2.0002.0339" SolutionPackageVersion="8.2" languagecode="1033" generatedBy="CrmLive" xmlns:xsi="http://www.w3.org/2001/XMLSchema-instance">
  <SolutionManifest>
    <UniqueName>Soffia_CRM</UniqueName>
    <LocalizedNames>
      <LocalizedName description="Soffia_CRM" languagecode="1033" />
    </LocalizedNames>
    <Descriptions />
    <Version>1.0.0.0</Version>
    <Managed>1</Managed>
    <Publisher>
      <UniqueName>fasttrackfordynamics365</UniqueName>
      <LocalizedNames>
        <LocalizedName description="FastTrack for Dynamics 365" languagecode="1033" />
      </LocalizedNames>
      <Descriptions />
      <EMailAddress xsi:nil="true"></EMailAddress>
      <SupportingWebsiteUrl xsi:nil="true"></SupportingWebsiteUrl>
      <CustomizationPrefix>new</CustomizationPrefix>
      <CustomizationOptionValuePrefix>10000</CustomizationOptionValuePrefix>
      <Addresses>
        <Address>
          <AddressNumber>1</AddressNumber>
          <AddressTypeCode>1</AddressTypeCode>
          <City xsi:nil="true"></City>
          <County xsi:nil="true"></County>
          <Country xsi:nil="true"></Country>
          <Fax xsi:nil="true"></Fax>
          <FreightTermsCode xsi:nil="true"></FreightTermsCode>
          <ImportSequenceNumber xsi:nil="true"></ImportSequenceNumber>
          <Latitude xsi:nil="true"></Latitude>
          <Line1 xsi:nil="true"></Line1>
          <Line2 xsi:nil="true"></Line2>
          <Line3 xsi:nil="true"></Line3>
          <Longitude xsi:nil="true"></Longitude>
          <Name xsi:nil="true"></Name>
          <PostalCode xsi:nil="true"></PostalCode>
          <PostOfficeBox xsi:nil="true"></PostOfficeBox>
          <PrimaryContactName xsi:nil="true"></PrimaryContactName>
          <ShippingMethodCode>1</ShippingMethodCode>
          <StateOrProvince xsi:nil="true"></StateOrProvince>
          <Telephone1 xsi:nil="true"></Telephone1>
          <Telephone2 xsi:nil="true"></Telephone2>
          <Telephone3 xsi:nil="true"></Telephone3>
          <TimeZoneRuleVersionNumber xsi:nil="true"></TimeZoneRuleVersionNumber>
          <UPSZone xsi:nil="true"></UPSZone>
          <UTCOffset xsi:nil="true"></UTCOffset>
          <UTCConversionTimeZoneCode xsi:nil="true"></UTCConversionTimeZoneCode>
        </Address>
        <Address>
          <AddressNumber>2</AddressNumber>
          <AddressTypeCode>1</AddressTypeCode>
          <City xsi:nil="true"></City>
          <County xsi:nil="true"></County>
          <Country xsi:nil="true"></Country>
          <Fax xsi:nil="true"></Fax>
          <FreightTermsCode xsi:nil="true"></FreightTermsCode>
          <ImportSequenceNumber xsi:nil="true"></ImportSequenceNumber>
          <Latitude xsi:nil="true"></Latitude>
          <Line1 xsi:nil="true"></Line1>
          <Line2 xsi:nil="true"></Line2>
          <Line3 xsi:nil="true"></Line3>
          <Longitude xsi:nil="true"></Longitude>
          <Name xsi:nil="true"></Name>
          <PostalCode xsi:nil="true"></PostalCode>
          <PostOfficeBox xsi:nil="true"></PostOfficeBox>
          <PrimaryContactName xsi:nil="true"></PrimaryContactName>
          <ShippingMethodCode>1</ShippingMethodCode>
          <StateOrProvince xsi:nil="true"></StateOrProvince>
          <Telephone1 xsi:nil="true"></Telephone1>
          <Telephone2 xsi:nil="true"></Telephone2>
          <Telephone3 xsi:nil="true"></Telephone3>
          <TimeZoneRuleVersionNumber xsi:nil="true"></TimeZoneRuleVersionNumber>
          <UPSZone xsi:nil="true"></UPSZone>
          <UTCOffset xsi:nil="true"></UTCOffset>
          <UTCConversionTimeZoneCode xsi:nil="true"></UTCConversionTimeZoneCode>
        </Address>
      </Addresses>
    </Publisher>
    <RootComponents>
      <RootComponent type="1" schemaName="contact" behavior="1" />
      <RootComponent type="1" schemaName="msdyn_iotalert" behavior="1" />
      <RootComponent type="1" schemaName="msdyn_iotdevice" behavior="0" />
      <RootComponent type="1" schemaName="msdyn_iotdevicecommand" behavior="1" />
      <RootComponent type="1" schemaName="msdyn_iotdeviceregistrationhistory" behavior="1" />
      <RootComponent type="1" schemaName="new_dailyforecast" behavior="0" />
      <RootComponent type="1" schemaName="new_devicecommands" behavior="0" />
      <RootComponent type="1" schemaName="new_devicereading" behavior="0" />
      <RootComponent type="1" schemaName="new_devicerequest" behavior="0" />
      <RootComponent type="1" schemaName="new_feedback" behavior="0" />
      <RootComponent type="1" schemaName="new_forecast" behavior="0" />
      <RootComponent type="1" schemaName="new_link" behavior="0" />
      <RootComponent type="1" schemaName="new_office" behavior="0" />
      <RootComponent type="1" schemaName="new_officefloor" behavior="0" />
      <RootComponent type="1" schemaName="new_officeseats" behavior="0" />
      <RootComponent type="29" id="{1e290571-188e-4a17-93be-89a1d2dbd09c}" behavior="0" />
      <RootComponent type="29" id="{1f0e3c31-7b81-4d88-8fa7-b2fa76fd141e}" behavior="0" />
      <RootComponent type="29" id="{540d4d22-9c57-4178-ab26-f1a50f4cb159}" behavior="0" />
      <RootComponent type="29" id="{62a28a61-ba9c-41c6-8305-0e4c552691a4}" behavior="0" />
      <RootComponent type="29" id="{a85aa791-131b-4a2f-902d-5b7074f963f8}" behavior="0" />
      <RootComponent type="29" id="{e483f0e2-574f-46bd-9a65-7f142cae9ef2}" behavior="0" />
      <RootComponent type="29" id="{ec1427d2-12dd-44f1-91f4-8a632b0b297d}" behavior="0" />
      <RootComponent type="60" id="{04f3055c-758d-4dbb-92cf-e4573d78b8d5}" behavior="0" />
      <RootComponent type="60" id="{1fed44d1-ae68-4a41-bd2b-f13acac4acfa}" behavior="0" />
      <RootComponent type="60" id="{219b1336-392f-40d8-8ef9-28463af51f9c}" behavior="0" />
      <RootComponent type="60" id="{3ca57af4-97a0-476b-825e-780aab21b124}" behavior="0" />
      <RootComponent type="60" id="{4453b348-d7bb-47e7-810f-d170dd6feeda}" behavior="0" />
      <RootComponent type="60" id="{51d04029-8fc8-4192-84ce-0a8c5da2c5f5}" behavior="0" />
      <RootComponent type="60" id="{64972fbf-37d5-4bc1-b164-bc161dc0678b}" behavior="0" />
      <RootComponent type="60" id="{a5bb4626-4194-4a65-9501-6f38901a4f04}" behavior="0" />
      <RootComponent type="60" id="{abfaf2e9-d265-484e-a570-afcde933ee47}" behavior="0" />
      <RootComponent type="60" id="{be1b4bfb-7144-4bcc-bb7a-c281e04976db}" behavior="0" />
      <RootComponent type="60" id="{c9bf3d02-797d-41b1-96b7-81f384775e2f}" behavior="0" />
      <RootComponent type="60" id="{d26047f5-744a-41cc-b2bc-c38b6ff70be0}" behavior="0" />
      <RootComponent type="60" id="{ecda0448-0fdc-47e0-b360-cdb38a63ec49}" behavior="0" />
      <RootComponent type="61" schemaName="new_complex16" behavior="0" />
      <RootComponent type="61" schemaName="new_complex32" behavior="0" />
      <RootComponent type="61" schemaName="new_maps16" behavior="0" />
      <RootComponent type="61" schemaName="new_maps32" behavior="0" />
      <RootComponent type="61" schemaName="new_office16" behavior="0" />
      <RootComponent type="61" schemaName="new_office32" behavior="0" />
      <RootComponent type="61" schemaName="new_seat16" behavior="0" />
      <RootComponent type="61" schemaName="new_seat32" behavior="0" />
      <RootComponent type="61" schemaName="new_temperature16" behavior="0" />
      <RootComponent type="61" schemaName="new_temperature32" behavior="0" />
      <RootComponent type="62" behavior="0" />
      <RootComponent type="91" schemaName="Soffia.CRM.Plugins, Version=1.0.0.0, Culture=neutral, PublicKeyToken=09ba50c1f45a166b" behavior="0" />
    </RootComponents>
    <MissingDependencies>
      <MissingDependency>
        <Required key="0" type="1" schemaName="msdyn_iotdevice" displayName="IoT Device" solution="IoTConnector (1.0.17019.2)" />
        <Dependent key="0" type="1" schemaName="msdyn_iotdevice" displayName="IoT Device" />
      </MissingDependency>
      <MissingDependency>
        <Required key="1" type="1" schemaName="msdyn_iotdeviceregistrationhistory" displayName="IoT Device Registration History" solution="IoTConnector (1.0.17019.2)" />
        <Dependent key="1" type="1" schemaName="msdyn_iotdeviceregistrationhistory" displayName="IoT Device Registration History" />
      </MissingDependency>
      <MissingDependency>
        <Required key="2" type="1" schemaName="msdyn_iotalert" displayName="IoT Alert" solution="IoTConnector (1.0.17019.2)" />
        <Dependent key="2" type="1" schemaName="msdyn_iotalert" displayName="IoT Alert" />
      </MissingDependency>
      <MissingDependency>
        <Required key="3" type="1" schemaName="msdyn_iotdevicecommand" displayName="IoT Device Command" solution="IoTConnector (1.0.17019.2)" />
        <Dependent key="3" type="1" schemaName="msdyn_iotdevicecommand" displayName="IoT Device Command" />
      </MissingDependency>
      <MissingDependency>
        <Required key="4" type="1" schemaName="msdyn_actual" displayName="Actual" solution="MicrosoftDynamicsScheduling (1.1.0.60)" />
        <Dependent key="5" type="62" />
      </MissingDependency>
      <MissingDependency>
        <Required key="6" type="1" schemaName="msdyn_warehouse" displayName="Warehouse" solution="FieldService (6.2.0.342)" />
        <Dependent key="5" type="62" />
      </MissingDependency>
      <MissingDependency>
        <Required key="7" type="1" schemaName="msdyn_inventoryadjustment" displayName="Inventory Adjustment" solution="FieldService (6.2.0.342)" />
        <Dependent key="5" type="62" />
      </MissingDependency>
      <MissingDependency>
        <Required key="8" type="1" schemaName="msdyn_workorder" displayName="Work Order" solution="FieldService (6.2.0.342)" />
        <Dependent key="5" type="62" />
      </MissingDependency>
      <MissingDependency>
        <Required key="9" type="1" schemaName="msdyn_requirementstatus" displayName="Requirement Status" solution="MicrosoftDynamicsScheduling (1.1.0.60)" />
        <Dependent key="5" type="62" />
      </MissingDependency>
      <MissingDependency>
        <Required key="10" type="1" schemaName="msdyn_purchaseorder" displayName="Purchase Order" solution="FieldService (6.2.0.342)" />
        <Dependent key="5" type="62" />
      </MissingDependency>
      <MissingDependency>
        <Required key="11" type="1" schemaName="msdyn_purchaseorderbill" displayName="Purchase Order Bill" solution="FieldService (6.2.0.342)" />
        <Dependent key="5" type="62" />
      </MissingDependency>
      <MissingDependency>
        <Required key="12" type="1" schemaName="msdyn_agreement" displayName="Agreement" solution="FieldService (6.2.0.342)" />
        <Dependent key="5" type="62" />
      </MissingDependency>
      <MissingDependency>
        <Required key="13" type="1" schemaName="msdyn_postruleconfig" displayName="Post Rule Configuration" solution="ActivityFeedsCore (8.2.0.0)" />
        <Dependent key="5" type="62" />
      </MissingDependency>
      <MissingDependency>
        <Required key="14" type="1" schemaName="msdyn_rtv" displayName="RTV" solution="FieldService (6.2.0.342)" />
        <Dependent key="5" type="62" />
      </MissingDependency>
      <MissingDependency>
        <Required key="15" type="1" schemaName="msdyn_rmareceipt" displayName="RMA Receipt" solution="FieldService (6.2.0.342)" />
        <Dependent key="5" type="62" />
      </MissingDependency>
      <MissingDependency>
        <Required key="16" type="1" schemaName="msdyn_purchaseorderreceipt" displayName="Purchase Order Receipt" solution="FieldService (6.2.0.342)" />
        <Dependent key="5" type="62" />
      </MissingDependency>
      <MissingDependency>
        <Required key="17" type="1" schemaName="msdyn_workhourtemplate" displayName="Work Template" solution="MicrosoftDynamicsScheduling (1.1.0.60)" />
        <Dependent key="5" type="62" />
      </MissingDependency>
      <MissingDependency>
        <Required key="18" type="1" schemaName="msdyn_rma" displayName="RMA" solution="FieldService (6.2.0.342)" />
        <Dependent key="5" type="62" />
      </MissingDependency>
      <MissingDependency>
        <Required key="19" type="1" schemaName="msdyn_iotdevicecategory" displayName="IoT Device Category" solution="IoTConnector (1.0.17019.2)" />
        <Dependent key="5" type="62" />
      </MissingDependency>
      <MissingDependency>
        <Required key="20" type="1" schemaName="msdyn_timeoffrequest" displayName="Time Off Request" solution="FieldService (6.2.0.342)" />
        <Dependent key="5" type="62" />
      </MissingDependency>
      <MissingDependency>
        <Required key="21" type="1" schemaName="msdyn_customerasset" displayName="Customer Asset" solution="FieldService (6.2.0.342)" />
        <Dependent key="5" type="62" />
      </MissingDependency>
      <MissingDependency>
        <Required key="22" type="1" schemaName="msdyn_resourcerequirement" displayName="Resource Requirement" solution="MicrosoftDynamicsScheduling (1.1.0.60)" />
        <Dependent key="5" type="62" />
      </MissingDependency>
      <MissingDependency>
        <Required key="23" type="1" schemaName="msdyn_organizationalunit" displayName="Organizational Unit" solution="MicrosoftDynamicsScheduling (1.1.0.60)" />
        <Dependent key="5" type="62" />
      </MissingDependency>
      <MissingDependency>
        <Required key="24" type="1" schemaName="msdyn_postconfig" displayName="Post Configuration" solution="ActivityFeedsCore (8.2.0.0)" />
        <Dependent key="5" type="62" />
      </MissingDependency>
      <MissingDependency>
        <Required key="25" type="1" schemaName="msdyn_inventorytransfer" displayName="Inventory Transfer" solution="FieldService (6.2.0.342)" />
        <Dependent key="5" type="62" />
      </MissingDependency>
      <MissingDependency>
        <Required key="26" type="1" schemaName="msdyn_priority" displayName="Priority" solution="MicrosoftDynamicsScheduling (1.1.0.60)" />
        <Dependent key="5" type="62" />
      </MissingDependency>
      <MissingDependency>
        <Required key="19" type="1" schemaName="msdyn_iotdevicecategory" displayName="IoT Device Category" solution="IoTConnector (1.0.17019.2)" />
        <Dependent key="27" type="10" schemaName="msdyn_msdyn_iotdevicecategory_msdyn_iotdevice_Category" displayName="msdyn_msdyn_iotdevicecategory_msdyn_iotdevice_Category" parentSchemaName="msdyn_iotdevice" parentDisplayName="IoT Device" />
      </MissingDependency>
      <MissingDependency>
        <Required key="28" type="2" schemaName="msdyn_iotdevicecommandid" displayName="IoT Device Command" parentSchemaName="msdyn_iotdevicecommand" parentDisplayName="IoT Device Command" solution="IoTConnector (1.0.17019.2)" />
        <Dependent key="29" type="29" displayName="Soffia - Action - Send parameters" id="{e483f0e2-574f-46bd-9a65-7f142cae9ef2}" />
      </MissingDependency>
      <MissingDependency>
        <Required key="30" type="2" schemaName="msdyn_name" displayName="Name" parentSchemaName="msdyn_iotdevicecommand" parentDisplayName="IoT Device Command" solution="IoTConnector (1.0.17019.2)" />
        <Dependent key="29" type="29" displayName="Soffia - Action - Send parameters" id="{e483f0e2-574f-46bd-9a65-7f142cae9ef2}" />
      </MissingDependency>
      <MissingDependency>
        <Required key="31" type="2" schemaName="msdyn_device" displayName="Device" parentSchemaName="msdyn_iotdevicecommand" parentDisplayName="IoT Device Command" solution="IoTConnector (1.0.17019.2)" />
        <Dependent key="32" type="29" displayName="Soffia - Action - Create command with paramenters from building floor" id="{62a28a61-ba9c-41c6-8305-0e4c552691a4}" />
      </MissingDependency>
      <MissingDependency>
        <Required key="28" type="2" schemaName="msdyn_iotdevicecommandid" displayName="IoT Device Command" parentSchemaName="msdyn_iotdevicecommand" parentDisplayName="IoT Device Command" solution="IoTConnector (1.0.17019.2)" />
        <Dependent key="32" type="29" displayName="Soffia - Action - Create command with paramenters from building floor" id="{62a28a61-ba9c-41c6-8305-0e4c552691a4}" />
      </MissingDependency>
      <MissingDependency>
        <Required key="30" type="2" schemaName="msdyn_name" displayName="Name" parentSchemaName="msdyn_iotdevicecommand" parentDisplayName="IoT Device Command" solution="IoTConnector (1.0.17019.2)" />
        <Dependent key="32" type="29" displayName="Soffia - Action - Create command with paramenters from building floor" id="{62a28a61-ba9c-41c6-8305-0e4c552691a4}" />
      </MissingDependency>
      <MissingDependency>
        <Required key="33" type="2" schemaName="msdyn_deviceid" displayName="Device ID" parentSchemaName="msdyn_iotdevicecommand" parentDisplayName="IoT Device Command" solution="IoTConnector (1.0.17019.2)" />
        <Dependent key="32" type="29" displayName="Soffia - Action - Create command with paramenters from building floor" id="{62a28a61-ba9c-41c6-8305-0e4c552691a4}" />
      </MissingDependency>
      <MissingDependency>
        <Required key="34" type="2" schemaName="msdyn_sendtoallconnecteddevices" displayName="Send To All Connected Devices" parentSchemaName="msdyn_iotdevicecommand" parentDisplayName="IoT Device Command" solution="IoTConnector (1.0.17019.2)" />
        <Dependent key="32" type="29" displayName="Soffia - Action - Create command with paramenters from building floor" id="{62a28a61-ba9c-41c6-8305-0e4c552691a4}" />
      </MissingDependency>
      <MissingDependency>
        <Required key="35" type="2" schemaName="msdyn_message" displayName="Message" parentSchemaName="msdyn_iotdevicecommand" parentDisplayName="IoT Device Command" solution="IoTConnector (1.0.17019.2)" />
        <Dependent key="32" type="29" displayName="Soffia - Action - Create command with paramenters from building floor" id="{62a28a61-ba9c-41c6-8305-0e4c552691a4}" />
      </MissingDependency>
      <MissingDependency>
        <Required key="36" type="2" schemaName="msdyn_name" displayName="Name" parentSchemaName="msdyn_iotdevicecategory" parentDisplayName="IoT Device Category" solution="IoTConnector (1.0.17019.2)" />
        <Dependent key="27" type="10" schemaName="msdyn_msdyn_iotdevicecategory_msdyn_iotdevice_Category" displayName="msdyn_msdyn_iotdevicecategory_msdyn_iotdevice_Category" parentSchemaName="msdyn_iotdevice" parentDisplayName="IoT Device" />
      </MissingDependency>
      <MissingDependency>
        <Required key="28" type="2" schemaName="msdyn_iotdevicecommandid" displayName="IoT Device Command" parentSchemaName="msdyn_iotdevicecommand" parentDisplayName="IoT Device Command" solution="IoTConnector (1.0.17019.2)" />
        <Dependent key="37" type="10" schemaName="msdyn_msdyn_iotdevicecommand_msdyn_iotdevice_LastCommandSent" displayName="msdyn_msdyn_iotdevicecommand_msdyn_iotdevice_LastCommandSent" parentSchemaName="msdyn_iotdevice" parentDisplayName="IoT Device" />
      </MissingDependency>
      <MissingDependency>
        <Required key="30" type="2" schemaName="msdyn_name" displayName="Name" parentSchemaName="msdyn_iotdevicecommand" parentDisplayName="IoT Device Command" solution="IoTConnector (1.0.17019.2)" />
        <Dependent key="37" type="10" schemaName="msdyn_msdyn_iotdevicecommand_msdyn_iotdevice_LastCommandSent" displayName="msdyn_msdyn_iotdevicecommand_msdyn_iotdevice_LastCommandSent" parentSchemaName="msdyn_iotdevice" parentDisplayName="IoT Device" />
      </MissingDependency>
      <MissingDependency>
        <Required key="38" type="2" schemaName="msdyn_iotdevicecategoryid" displayName="IoT Device Category" parentSchemaName="msdyn_iotdevicecategory" parentDisplayName="IoT Device Category" solution="IoTConnector (1.0.17019.2)" />
        <Dependent key="27" type="10" schemaName="msdyn_msdyn_iotdevicecategory_msdyn_iotdevice_Category" displayName="msdyn_msdyn_iotdevicecategory_msdyn_iotdevice_Category" parentSchemaName="msdyn_iotdevice" parentDisplayName="IoT Device" />
      </MissingDependency>
      <MissingDependency>
        <Required key="39" type="2" schemaName="msdyn_name" displayName="Name" parentSchemaName="msdyn_iotdevice" parentDisplayName="IoT Device" solution="IoTConnector (1.0.17019.2)" />
        <Dependent key="40" type="10" schemaName="new_msdyn_iotdevice_new_officefloor_Device" displayName="new_msdyn_iotdevice_new_officefloor_Device" parentSchemaName="new_officefloor" parentDisplayName="Building Floor" />
      </MissingDependency>
      <MissingDependency>
        <Required key="39" type="2" schemaName="msdyn_name" displayName="Name" parentSchemaName="msdyn_iotdevice" parentDisplayName="IoT Device" solution="IoTConnector (1.0.17019.2)" />
        <Dependent key="41" type="10" schemaName="new_msdyn_iotdevice_new_devicerequest_DeviceID" displayName="new_msdyn_iotdevice_new_devicerequest_DeviceID" parentSchemaName="new_devicerequest" parentDisplayName="IoT Device Request" />
      </MissingDependency>
      <MissingDependency>
        <Required key="42" type="2" schemaName="msdyn_category" displayName="Category" parentSchemaName="msdyn_iotdevice" parentDisplayName="IoT Device" solution="IoTConnector (1.0.17019.2)" />
        <Dependent key="27" type="10" schemaName="msdyn_msdyn_iotdevicecategory_msdyn_iotdevice_Category" displayName="msdyn_msdyn_iotdevicecategory_msdyn_iotdevice_Category" parentSchemaName="msdyn_iotdevice" parentDisplayName="IoT Device" />
      </MissingDependency>
      <MissingDependency>
        <Required key="39" type="2" schemaName="msdyn_name" displayName="Name" parentSchemaName="msdyn_iotdevice" parentDisplayName="IoT Device" solution="IoTConnector (1.0.17019.2)" />
        <Dependent key="43" type="10" schemaName="new_msdyn_iotdevice_new_devicecommands_Device" displayName="new_msdyn_iotdevice_new_devicecommands_Device" parentSchemaName="new_devicecommands" parentDisplayName="Device Command" />
      </MissingDependency>
      <MissingDependency>
        <Required key="39" type="2" schemaName="msdyn_name" displayName="Name" parentSchemaName="msdyn_iotdevice" parentDisplayName="IoT Device" solution="IoTConnector (1.0.17019.2)" />
        <Dependent key="44" type="10" schemaName="new_msdyn_iotdevice_new_devicereading_iotdevice" displayName="new_msdyn_iotdevice_new_devicereading_iotdevice" parentSchemaName="new_devicereading" parentDisplayName="IoT Device Reading" />
      </MissingDependency>
      <MissingDependency>
        <Required key="45" type="2" schemaName="msdyn_account" displayName="Account" parentSchemaName="msdyn_iotdevice" parentDisplayName="IoT Device" solution="IoTConnector (1.0.17019.2)" />
        <Dependent key="46" type="10" schemaName="msdyn_account_msdyn_iotdevice_Account" displayName="msdyn_account_msdyn_iotdevice_Account" parentSchemaName="msdyn_iotdevice" parentDisplayName="IoT Device" />
      </MissingDependency>
      <MissingDependency>
        <Required key="47" type="2" schemaName="msdyn_iotdeviceid" displayName="IoT Device" parentSchemaName="msdyn_iotdevice" parentDisplayName="IoT Device" solution="IoTConnector (1.0.17019.2)" />
        <Dependent key="41" type="10" schemaName="new_msdyn_iotdevice_new_devicerequest_DeviceID" displayName="new_msdyn_iotdevice_new_devicerequest_DeviceID" parentSchemaName="new_devicerequest" parentDisplayName="IoT Device Request" />
      </MissingDependency>
      <MissingDependency>
        <Required key="48" type="2" schemaName="msdyn_lastcommandsent" displayName="[Deprecated] Last Command Sent" parentSchemaName="msdyn_iotdevice" parentDisplayName="IoT Device" solution="IoTConnector (1.0.17019.2)" />
        <Dependent key="37" type="10" schemaName="msdyn_msdyn_iotdevicecommand_msdyn_iotdevice_LastCommandSent" displayName="msdyn_msdyn_iotdevicecommand_msdyn_iotdevice_LastCommandSent" parentSchemaName="msdyn_iotdevice" parentDisplayName="IoT Device" />
      </MissingDependency>
      <MissingDependency>
        <Required key="47" type="2" schemaName="msdyn_iotdeviceid" displayName="IoT Device" parentSchemaName="msdyn_iotdevice" parentDisplayName="IoT Device" solution="IoTConnector (1.0.17019.2)" />
        <Dependent key="32" type="29" displayName="Soffia - Action - Create command with paramenters from building floor" id="{62a28a61-ba9c-41c6-8305-0e4c552691a4}" />
      </MissingDependency>
      <MissingDependency>
        <Required key="39" type="2" schemaName="msdyn_name" displayName="Name" parentSchemaName="msdyn_iotdevice" parentDisplayName="IoT Device" solution="IoTConnector (1.0.17019.2)" />
        <Dependent key="32" type="29" displayName="Soffia - Action - Create command with paramenters from building floor" id="{62a28a61-ba9c-41c6-8305-0e4c552691a4}" />
      </MissingDependency>
      <MissingDependency>
        <Required key="47" type="2" schemaName="msdyn_iotdeviceid" displayName="IoT Device" parentSchemaName="msdyn_iotdevice" parentDisplayName="IoT Device" solution="IoTConnector (1.0.17019.2)" />
        <Dependent key="44" type="10" schemaName="new_msdyn_iotdevice_new_devicereading_iotdevice" displayName="new_msdyn_iotdevice_new_devicereading_iotdevice" parentSchemaName="new_devicereading" parentDisplayName="IoT Device Reading" />
      </MissingDependency>
      <MissingDependency>
        <Required key="47" type="2" schemaName="msdyn_iotdeviceid" displayName="IoT Device" parentSchemaName="msdyn_iotdevice" parentDisplayName="IoT Device" solution="IoTConnector (1.0.17019.2)" />
        <Dependent key="40" type="10" schemaName="new_msdyn_iotdevice_new_officefloor_Device" displayName="new_msdyn_iotdevice_new_officefloor_Device" parentSchemaName="new_officefloor" parentDisplayName="Building Floor" />
      </MissingDependency>
      <MissingDependency>
        <Required key="47" type="2" schemaName="msdyn_iotdeviceid" displayName="IoT Device" parentSchemaName="msdyn_iotdevice" parentDisplayName="IoT Device" solution="IoTConnector (1.0.17019.2)" />
        <Dependent key="43" type="10" schemaName="new_msdyn_iotdevice_new_devicecommands_Device" displayName="new_msdyn_iotdevice_new_devicecommands_Device" parentSchemaName="new_devicecommands" parentDisplayName="Device Command" />
      </MissingDependency>
      <MissingDependency>
        <Required key="37" type="10" schemaName="msdyn_msdyn_iotdevicecommand_msdyn_iotdevice_LastCommandSent" displayName="msdyn_msdyn_iotdevicecommand_msdyn_iotdevice_LastCommandSent" parentSchemaName="msdyn_iotdevice" parentDisplayName="IoT Device" solution="IoTConnector (1.0.17019.2)" />
        <Dependent key="37" type="10" schemaName="msdyn_msdyn_iotdevicecommand_msdyn_iotdevice_LastCommandSent" displayName="msdyn_msdyn_iotdevicecommand_msdyn_iotdevice_LastCommandSent" parentSchemaName="msdyn_iotdevice" parentDisplayName="IoT Device" />
      </MissingDependency>
      <MissingDependency>
        <Required key="46" type="10" schemaName="msdyn_account_msdyn_iotdevice_Account" displayName="msdyn_account_msdyn_iotdevice_Account" parentSchemaName="msdyn_iotdevice" parentDisplayName="IoT Device" solution="IoTConnector (1.0.17019.2)" />
        <Dependent key="46" type="10" schemaName="msdyn_account_msdyn_iotdevice_Account" displayName="msdyn_account_msdyn_iotdevice_Account" parentSchemaName="msdyn_iotdevice" parentDisplayName="IoT Device" />
      </MissingDependency>
      <MissingDependency>
        <Required key="27" type="10" schemaName="msdyn_msdyn_iotdevicecategory_msdyn_iotdevice_Category" displayName="msdyn_msdyn_iotdevicecategory_msdyn_iotdevice_Category" parentSchemaName="msdyn_iotdevice" parentDisplayName="IoT Device" solution="IoTConnector (1.0.17019.2)" />
        <Dependent key="27" type="10" schemaName="msdyn_msdyn_iotdevicecategory_msdyn_iotdevice_Category" displayName="msdyn_msdyn_iotdevicecategory_msdyn_iotdevice_Category" parentSchemaName="msdyn_iotdevice" parentDisplayName="IoT Device" />
      </MissingDependency>
      <MissingDependency>
        <Required key="46" type="10" schemaName="msdyn_account_msdyn_iotdevice_Account" displayName="msdyn_account_msdyn_iotdevice_Account" parentSchemaName="msdyn_iotdevice" parentDisplayName="IoT Device" solution="IoTConnector (1.0.17019.2)" />
        <Dependent key="49" type="2" schemaName="msdyn_accountyominame" parentSchemaName="msdyn_iotdevice" parentDisplayName="IoT Device" />
      </MissingDependency>
      <MissingDependency>
        <Required key="27" type="10" schemaName="msdyn_msdyn_iotdevicecategory_msdyn_iotdevice_Category" displayName="msdyn_msdyn_iotdevicecategory_msdyn_iotdevice_Category" parentSchemaName="msdyn_iotdevice" parentDisplayName="IoT Device" solution="IoTConnector (1.0.17019.2)" />
        <Dependent key="50" type="2" schemaName="msdyn_categoryname" parentSchemaName="msdyn_iotdevice" parentDisplayName="IoT Device" />
      </MissingDependency>
      <MissingDependency>
        <Required key="46" type="10" schemaName="msdyn_account_msdyn_iotdevice_Account" displayName="msdyn_account_msdyn_iotdevice_Account" parentSchemaName="msdyn_iotdevice" parentDisplayName="IoT Device" solution="IoTConnector (1.0.17019.2)" />
        <Dependent key="51" type="2" schemaName="msdyn_accountname" parentSchemaName="msdyn_iotdevice" parentDisplayName="IoT Device" />
      </MissingDependency>
      <MissingDependency>
        <Required key="37" type="10" schemaName="msdyn_msdyn_iotdevicecommand_msdyn_iotdevice_LastCommandSent" displayName="msdyn_msdyn_iotdevicecommand_msdyn_iotdevice_LastCommandSent" parentSchemaName="msdyn_iotdevice" parentDisplayName="IoT Device" solution="IoTConnector (1.0.17019.2)" />
        <Dependent key="52" type="2" schemaName="msdyn_lastcommandsentname" parentSchemaName="msdyn_iotdevice" parentDisplayName="IoT Device" />
      </MissingDependency>
      <MissingDependency>
        <Required key="53" type="26" schemaName="Device Commands for iot alert" displayName="Device Commands for iot alert" parentSchemaName="msdyn_iotdevicecommand" parentDisplayName="IoT Device Command" solution="IoTConnector (1.0.17019.2)" id="{7a1bac39-b322-e611-8105-00155db9cd08}" />
        <Dependent key="53" type="26" schemaName="Device Commands for iot alert" displayName="Device Commands for iot alert" parentSchemaName="msdyn_iotdevicecommand" parentDisplayName="IoT Device Command" id="{7a1bac39-b322-e611-8105-00155db9cd08}" />
      </MissingDependency>
      <MissingDependency>
        <Required key="54" type="26" schemaName="Main Active IoT Alerts" displayName="Main Active IoT Alerts" parentSchemaName="msdyn_iotalert" parentDisplayName="IoT Alert" solution="IoTConnector (1.0.17019.2)" id="{b96d141d-a429-e611-8107-00155db9cd0a}" />
        <Dependent key="54" type="26" schemaName="Main Active IoT Alerts" displayName="Main Active IoT Alerts" parentSchemaName="msdyn_iotalert" parentDisplayName="IoT Alert" id="{b96d141d-a429-e611-8107-00155db9cd0a}" />
      </MissingDependency>
      <MissingDependency>
        <Required key="55" type="26" schemaName="Active IoT Alerts Chart" displayName="Active IoT Alerts Chart" parentSchemaName="msdyn_iotalert" parentDisplayName="IoT Alert" solution="IoTConnector (1.0.17019.2)" id="{2bb54a90-e84a-e611-8104-00155de2881e}" />
        <Dependent key="55" type="26" schemaName="Active IoT Alerts Chart" displayName="Active IoT Alerts Chart" parentSchemaName="msdyn_iotalert" parentDisplayName="IoT Alert" id="{2bb54a90-e84a-e611-8104-00155de2881e}" />
      </MissingDependency>
      <MissingDependency>
        <Required key="56" type="26" schemaName="Active IoT Device Commands" displayName="Active IoT Device Commands" parentSchemaName="msdyn_iotdevicecommand" parentDisplayName="IoT Device Command" solution="IoTConnector (1.0.17019.2)" id="{8a291e73-4c7e-4a1a-8e83-104299934fed}" />
        <Dependent key="56" type="26" schemaName="Active IoT Device Commands" displayName="Active IoT Device Commands" parentSchemaName="msdyn_iotdevicecommand" parentDisplayName="IoT Device Command" id="{8a291e73-4c7e-4a1a-8e83-104299934fed}" />
      </MissingDependency>
      <MissingDependency>
        <Required key="57" type="26" schemaName="Inactive IoT Alerts" displayName="Inactive IoT Alerts" parentSchemaName="msdyn_iotalert" parentDisplayName="IoT Alert" solution="IoTConnector (1.0.17019.2)" id="{85d8bcc6-f396-41c4-94f8-24b4a9970632}" />
        <Dependent key="57" type="26" schemaName="Inactive IoT Alerts" displayName="Inactive IoT Alerts" parentSchemaName="msdyn_iotalert" parentDisplayName="IoT Alert" id="{85d8bcc6-f396-41c4-94f8-24b4a9970632}" />
      </MissingDependency>
      <MissingDependency>
        <Required key="58" type="26" schemaName="Inactive IoT Device Commands" displayName="Inactive IoT Device Commands" parentSchemaName="msdyn_iotdevicecommand" parentDisplayName="IoT Device Command" solution="IoTConnector (1.0.17019.2)" id="{b7583a33-abc2-43fd-87cd-2d8eeaa9efad}" />
        <Dependent key="58" type="26" schemaName="Inactive IoT Device Commands" displayName="Inactive IoT Device Commands" parentSchemaName="msdyn_iotdevicecommand" parentDisplayName="IoT Device Command" id="{b7583a33-abc2-43fd-87cd-2d8eeaa9efad}" />
      </MissingDependency>
      <MissingDependency>
        <Required key="59" type="26" schemaName="IoT Device Command Associated View" displayName="IoT Device Command Associated View" parentSchemaName="msdyn_iotdevicecommand" parentDisplayName="IoT Device Command" solution="IoTConnector (1.0.17019.2)" id="{644fd081-031d-4541-985b-33a1a8fe762f}" />
        <Dependent key="59" type="26" schemaName="IoT Device Command Associated View" displayName="IoT Device Command Associated View" parentSchemaName="msdyn_iotdevicecommand" parentDisplayName="IoT Device Command" id="{644fd081-031d-4541-985b-33a1a8fe762f}" />
      </MissingDependency>
      <MissingDependency>
        <Required key="60" type="26" schemaName="IoT Alerts" displayName="IoT Alerts" parentSchemaName="msdyn_iotalert" parentDisplayName="IoT Alert" solution="IoTConnector (1.0.17019.2)" id="{cf47ae20-e542-e611-80e3-3863bb2eb408}" />
        <Dependent key="60" type="26" schemaName="IoT Alerts" displayName="IoT Alerts" parentSchemaName="msdyn_iotalert" parentDisplayName="IoT Alert" id="{cf47ae20-e542-e611-80e3-3863bb2eb408}" />
      </MissingDependency>
      <MissingDependency>
        <Required key="61" type="26" schemaName="IoT Alert Advanced Find View" displayName="IoT Alert Advanced Find View" parentSchemaName="msdyn_iotalert" parentDisplayName="IoT Alert" solution="IoTConnector (1.0.17019.2)" id="{8e276b90-d257-4057-a013-402ae209d78c}" />
        <Dependent key="61" type="26" schemaName="IoT Alert Advanced Find View" displayName="IoT Alert Advanced Find View" parentSchemaName="msdyn_iotalert" parentDisplayName="IoT Alert" id="{8e276b90-d257-4057-a013-402ae209d78c}" />
      </MissingDependency>
      <MissingDependency>
        <Required key="62" type="26" schemaName="Active IoT Device Registration History" displayName="Active IoT Device Registration History" parentSchemaName="msdyn_iotdeviceregistrationhistory" parentDisplayName="IoT Device Registration History" solution="IoTConnector (1.0.17019.2)" id="{2b5be48c-b0cd-4142-8583-55bbff3b97ca}" />
        <Dependent key="62" type="26" schemaName="Active IoT Device Registration History" displayName="Active IoT Device Registration History" parentSchemaName="msdyn_iotdeviceregistrationhistory" parentDisplayName="IoT Device Registration History" id="{2b5be48c-b0cd-4142-8583-55bbff3b97ca}" />
      </MissingDependency>
      <MissingDependency>
        <Required key="63" type="26" schemaName="IoT Device Command Advanced Find View" displayName="IoT Device Command Advanced Find View" parentSchemaName="msdyn_iotdevicecommand" parentDisplayName="IoT Device Command" solution="IoTConnector (1.0.17019.2)" id="{71a10037-9bf8-4f51-b129-62bdcf52fbb1}" />
        <Dependent key="63" type="26" schemaName="IoT Device Command Advanced Find View" displayName="IoT Device Command Advanced Find View" parentSchemaName="msdyn_iotdevicecommand" parentDisplayName="IoT Device Command" id="{71a10037-9bf8-4f51-b129-62bdcf52fbb1}" />
      </MissingDependency>
      <MissingDependency>
        <Required key="64" type="26" schemaName="Quick Find Active IoT Alerts" displayName="Quick Find Active IoT Alerts" parentSchemaName="msdyn_iotalert" parentDisplayName="IoT Alert" solution="IoTConnector (1.0.17019.2)" id="{b6289902-625c-4e42-810e-7c25cc62b2d8}" />
        <Dependent key="64" type="26" schemaName="Quick Find Active IoT Alerts" displayName="Quick Find Active IoT Alerts" parentSchemaName="msdyn_iotalert" parentDisplayName="IoT Alert" id="{b6289902-625c-4e42-810e-7c25cc62b2d8}" />
      </MissingDependency>
      <MissingDependency>
        <Required key="65" type="26" schemaName="IoT Device Registration History Advanced Find View" displayName="IoT Device Registration History Advanced Find View" parentSchemaName="msdyn_iotdeviceregistrationhistory" parentDisplayName="IoT Device Registration History" solution="IoTConnector (1.0.17019.2)" id="{1019c3e8-e1f2-4dbc-ae6a-8557623eb622}" />
        <Dependent key="65" type="26" schemaName="IoT Device Registration History Advanced Find View" displayName="IoT Device Registration History Advanced Find View" parentSchemaName="msdyn_iotdeviceregistrationhistory" parentDisplayName="IoT Device Registration History" id="{1019c3e8-e1f2-4dbc-ae6a-8557623eb622}" />
      </MissingDependency>
      <MissingDependency>
        <Required key="66" type="26" schemaName="IoT Device Command Lookup View" displayName="IoT Device Command Lookup View" parentSchemaName="msdyn_iotdevicecommand" parentDisplayName="IoT Device Command" solution="IoTConnector (1.0.17019.2)" id="{0b30bd99-cc37-48ab-af66-912c2485598f}" />
        <Dependent key="66" type="26" schemaName="IoT Device Command Lookup View" displayName="IoT Device Command Lookup View" parentSchemaName="msdyn_iotdevicecommand" parentDisplayName="IoT Device Command" id="{0b30bd99-cc37-48ab-af66-912c2485598f}" />
      </MissingDependency>
      <MissingDependency>
        <Required key="67" type="26" schemaName="IoT Device Registration History Associated View" displayName="IoT Device Registration History Associated View" parentSchemaName="msdyn_iotdeviceregistrationhistory" parentDisplayName="IoT Device Registration History" solution="IoTConnector (1.0.17019.2)" id="{5e9e0644-6327-4575-8182-9957ae09f193}" />
        <Dependent key="67" type="26" schemaName="IoT Device Registration History Associated View" displayName="IoT Device Registration History Associated View" parentSchemaName="msdyn_iotdeviceregistrationhistory" parentDisplayName="IoT Device Registration History" id="{5e9e0644-6327-4575-8182-9957ae09f193}" />
      </MissingDependency>
      <MissingDependency>
        <Required key="68" type="26" schemaName="Quick Find Active IoT Device Registration History" displayName="Quick Find Active IoT Device Registration History" parentSchemaName="msdyn_iotdeviceregistrationhistory" parentDisplayName="IoT Device Registration History" solution="IoTConnector (1.0.17019.2)" id="{85427071-6e93-4c3c-9b50-a321a6f5766c}" />
        <Dependent key="68" type="26" schemaName="Quick Find Active IoT Device Registration History" displayName="Quick Find Active IoT Device Registration History" parentSchemaName="msdyn_iotdeviceregistrationhistory" parentDisplayName="IoT Device Registration History" id="{85427071-6e93-4c3c-9b50-a321a6f5766c}" />
      </MissingDependency>
      <MissingDependency>
        <Required key="69" type="26" schemaName="Quick Find Active IoT Device Commands" displayName="Quick Find Active IoT Device Commands" parentSchemaName="msdyn_iotdevicecommand" parentDisplayName="IoT Device Command" solution="IoTConnector (1.0.17019.2)" id="{875ad3ca-012b-4864-b94b-a837b934c513}" />
        <Dependent key="69" type="26" schemaName="Quick Find Active IoT Device Commands" displayName="Quick Find Active IoT Device Commands" parentSchemaName="msdyn_iotdevicecommand" parentDisplayName="IoT Device Command" id="{875ad3ca-012b-4864-b94b-a837b934c513}" />
      </MissingDependency>
      <MissingDependency>
        <Required key="70" type="26" schemaName="Active IoT Alerts" displayName="Active IoT Alerts" parentSchemaName="msdyn_iotalert" parentDisplayName="IoT Alert" solution="IoTConnector (1.0.17019.2)" id="{08738f58-2bc6-4dc5-a919-bfde2f5a575b}" />
        <Dependent key="70" type="26" schemaName="Active IoT Alerts" displayName="Active IoT Alerts" parentSchemaName="msdyn_iotalert" parentDisplayName="IoT Alert" id="{08738f58-2bc6-4dc5-a919-bfde2f5a575b}" />
      </MissingDependency>
      <MissingDependency>
        <Required key="71" type="26" schemaName="IoT Alert Lookup View" displayName="IoT Alert Lookup View" parentSchemaName="msdyn_iotalert" parentDisplayName="IoT Alert" solution="IoTConnector (1.0.17019.2)" id="{0d671846-601a-43fb-ad96-d4563022bfb7}" />
        <Dependent key="71" type="26" schemaName="IoT Alert Lookup View" displayName="IoT Alert Lookup View" parentSchemaName="msdyn_iotalert" parentDisplayName="IoT Alert" id="{0d671846-601a-43fb-ad96-d4563022bfb7}" />
      </MissingDependency>
      <MissingDependency>
        <Required key="72" type="26" schemaName="IoT Device Registration History Lookup View" displayName="IoT Device Registration History Lookup View" parentSchemaName="msdyn_iotdeviceregistrationhistory" parentDisplayName="IoT Device Registration History" solution="IoTConnector (1.0.17019.2)" id="{14ca062a-e32c-4a44-927c-eb41541f610c}" />
        <Dependent key="72" type="26" schemaName="IoT Device Registration History Lookup View" displayName="IoT Device Registration History Lookup View" parentSchemaName="msdyn_iotdeviceregistrationhistory" parentDisplayName="IoT Device Registration History" id="{14ca062a-e32c-4a44-927c-eb41541f610c}" />
      </MissingDependency>
      <MissingDependency>
        <Required key="73" type="26" schemaName="IoT Alert Associated View" displayName="IoT Alert Associated View" parentSchemaName="msdyn_iotalert" parentDisplayName="IoT Alert" solution="IoTConnector (1.0.17019.2)" id="{1b6af391-da26-4b68-b86c-f4cc379c41b3}" />
        <Dependent key="73" type="26" schemaName="IoT Alert Associated View" displayName="IoT Alert Associated View" parentSchemaName="msdyn_iotalert" parentDisplayName="IoT Alert" id="{1b6af391-da26-4b68-b86c-f4cc379c41b3}" />
      </MissingDependency>
      <MissingDependency>
        <Required key="74" type="26" schemaName="Inactive IoT Device Registration History" displayName="Inactive IoT Device Registration History" parentSchemaName="msdyn_iotdeviceregistrationhistory" parentDisplayName="IoT Device Registration History" solution="IoTConnector (1.0.17019.2)" id="{bb01c58b-d4c8-41a1-be16-f660f447cf24}" />
        <Dependent key="74" type="26" schemaName="Inactive IoT Device Registration History" displayName="Inactive IoT Device Registration History" parentSchemaName="msdyn_iotdeviceregistrationhistory" parentDisplayName="IoT Device Registration History" id="{bb01c58b-d4c8-41a1-be16-f660f447cf24}" />
      </MissingDependency>
      <MissingDependency>
        <Required key="75" type="60" displayName="Information" parentDisplayName="IoT Device Command" solution="IoTConnector (1.0.17019.2)" id="{219b1336-392f-40d8-8ef9-28463af51f9c}" />
        <Dependent key="75" type="60" displayName="Information" parentDisplayName="IoT Device Command" id="{219b1336-392f-40d8-8ef9-28463af51f9c}" />
      </MissingDependency>
      <MissingDependency>
        <Required key="76" type="60" displayName="Information" parentDisplayName="IoT Alert" solution="IoTConnector (1.0.17019.2)" id="{a5bb4626-4194-4a65-9501-6f38901a4f04}" />
        <Dependent key="76" type="60" displayName="Information" parentDisplayName="IoT Alert" id="{a5bb4626-4194-4a65-9501-6f38901a4f04}" />
      </MissingDependency>
      <MissingDependency>
        <Required key="77" type="60" displayName="Information" parentDisplayName="IoT Alert" solution="IoTConnector (1.0.17019.2)" id="{3ca57af4-97a0-476b-825e-780aab21b124}" />
        <Dependent key="77" type="60" displayName="Information" parentDisplayName="IoT Alert" id="{3ca57af4-97a0-476b-825e-780aab21b124}" />
      </MissingDependency>
      <MissingDependency>
        <Required key="78" type="60" displayName="Information" parentDisplayName="IoT Device Command" solution="IoTConnector (1.0.17019.2)" id="{c9bf3d02-797d-41b1-96b7-81f384775e2f}" />
        <Dependent key="78" type="60" displayName="Information" parentDisplayName="IoT Device Command" id="{c9bf3d02-797d-41b1-96b7-81f384775e2f}" />
      </MissingDependency>
      <MissingDependency>
        <Required key="79" type="60" displayName="Information" parentDisplayName="IoT Alert" solution="IoTConnector (1.0.17019.2)" id="{abfaf2e9-d265-484e-a570-afcde933ee47}" />
        <Dependent key="79" type="60" displayName="Information" parentDisplayName="IoT Alert" id="{abfaf2e9-d265-484e-a570-afcde933ee47}" />
      </MissingDependency>
      <MissingDependency>
        <Required key="80" type="60" displayName="Information" parentDisplayName="IoT Device Registration History" solution="IoTConnector (1.0.17019.2)" id="{64972fbf-37d5-4bc1-b164-bc161dc0678b}" />
        <Dependent key="80" type="60" displayName="Information" parentDisplayName="IoT Device Registration History" id="{64972fbf-37d5-4bc1-b164-bc161dc0678b}" />
      </MissingDependency>
      <MissingDependency>
        <Required key="81" type="60" displayName="Information" parentDisplayName="IoT Device Registration History" solution="IoTConnector (1.0.17019.2)" id="{d26047f5-744a-41cc-b2bc-c38b6ff70be0}" />
        <Dependent key="81" type="60" displayName="Information" parentDisplayName="IoT Device Registration History" id="{d26047f5-744a-41cc-b2bc-c38b6ff70be0}" />
      </MissingDependency>
      <MissingDependency>
        <Required key="82" type="60" displayName="Information" parentDisplayName="IoT Device Registration History" solution="IoTConnector (1.0.17019.2)" id="{4453b348-d7bb-47e7-810f-d170dd6feeda}" />
        <Dependent key="82" type="60" displayName="Information" parentDisplayName="IoT Device Registration History" id="{4453b348-d7bb-47e7-810f-d170dd6feeda}" />
      </MissingDependency>
      <MissingDependency>
        <Required key="83" type="60" displayName="Information" parentDisplayName="IoT Device Command" solution="IoTConnector (1.0.17019.2)" id="{04f3055c-758d-4dbb-92cf-e4573d78b8d5}" />
        <Dependent key="83" type="60" displayName="Information" parentDisplayName="IoT Device Command" id="{04f3055c-758d-4dbb-92cf-e4573d78b8d5}" />
      </MissingDependency>
      <MissingDependency>
        <Required key="84" type="61" schemaName="msdyn_/IoT/Images/RegistrationHistory/RegistrationHistory16.png" displayName="msdyn_/IoT/Images/RegistrationHistory/RegistrationHistory16.png" solution="IoTConnector (1.0.17019.2)" />
        <Dependent key="1" type="1" schemaName="msdyn_iotdeviceregistrationhistory" displayName="IoT Device Registration History" />
      </MissingDependency>
      <MissingDependency>
        <Required key="85" type="61" schemaName="msdyn_/IoT/Images/RegistrationHistory/RegistrationHistory32/_imgs/NavBar/Invisible.gif" displayName="msdyn_/IoT/Images/RegistrationHistory/RegistrationHistory32/_imgs/NavBar/Invisible.gif" solution="IoTConnector (1.0.17019.2)" />
        <Dependent key="1" type="1" schemaName="msdyn_iotdeviceregistrationhistory" displayName="IoT Device Registration History" />
      </MissingDependency>
      <MissingDependency>
        <Required key="86" type="61" schemaName="msdyn_/Icons/Sitemap/WorkOrder_32.png" displayName="msdyn_/Icons/Sitemap/WorkOrder_32.png" solution="FieldService (6.2.0.342)" />
        <Dependent key="5" type="62" />
      </MissingDependency>
      <MissingDependency>
        <Required key="87" type="61" schemaName="msdyn_/Icons/Sitemap/CustomerEquipment_32.png" displayName="msdyn_/Icons/Sitemap/CustomerEquipment_32.png" solution="FieldService (6.2.0.342)" />
        <Dependent key="5" type="62" />
      </MissingDependency>
      <MissingDependency>
        <Required key="88" type="61" schemaName="msdyn_/Icons/Sitemap/RMA_32.png" displayName="msdyn_/Icons/Sitemap/RMA_32.png" solution="FieldService (6.2.0.342)" />
        <Dependent key="5" type="62" />
      </MissingDependency>
      <MissingDependency>
        <Required key="89" type="61" schemaName="msdyn_/IoT/Images/NavTile_icon_IOT.png" displayName="msdyn_/IoT/Images/NavTile_icon_IOT.png" solution="IoTConnector (1.0.17019.2)" />
        <Dependent key="5" type="62" />
      </MissingDependency>
      <MissingDependency>
        <Required key="90" type="61" schemaName="msdyn_/fps/Icons/SchedulingNavTile.png" displayName="msdyn_/fps/Icons/SchedulingNavTile.png" solution="MicrosoftDynamicsScheduling (1.1.0.60)" />
        <Dependent key="5" type="62" />
      </MissingDependency>
      <MissingDependency>
        <Required key="91" type="61" schemaName="msdyn_/fps/Icons/Entity/Settings_32.png" displayName="msdyn_/fps/Icons/Entity/Settings_32.png" solution="MicrosoftDynamicsScheduling (1.1.0.60)" />
        <Dependent key="5" type="62" />
      </MissingDependency>
      <MissingDependency>
        <Required key="92" type="61" schemaName="msdyn_/IoT/Images/Commands/Commands32_white.png" displayName="msdyn_/IoT/Images/Commands/Commands32_white.png" solution="IoTConnector (1.0.17019.2)" />
        <Dependent key="5" type="62" />
      </MissingDependency>
      <MissingDependency>
        <Required key="93" type="61" schemaName="msdyn_/Icons/Sitemap/Inventory_32.png" displayName="msdyn_/Icons/Sitemap/Inventory_32.png" solution="FieldService (6.2.0.342)" />
        <Dependent key="5" type="62" />
      </MissingDependency>
      <MissingDependency>
        <Required key="94" type="61" schemaName="msdyn_/fps/ScheduleSetup/ResourceScheduling.html" displayName="msdyn_/fps/ScheduleSetup/ResourceScheduling.html" solution="MicrosoftDynamicsScheduling (1.1.0.60)" />
        <Dependent key="5" type="62" />
      </MissingDependency>
      <MissingDependency>
        <Required key="95" type="61" schemaName="msdyn_/OrgInsights/App/Images/OrgInsights32Icon.png" displayName="msdyn_/OrgInsights/App/Images/OrgInsights32Icon.png" solution="OrganizationInsightsSolution (1.3.0.1)" />
        <Dependent key="5" type="62" />
      </MissingDependency>
      <MissingDependency>
        <Required key="96" type="61" schemaName="msdyn_/DedicatePage/DedicatePage.htm" displayName="msdyn_/DedicatePage/DedicatePage.htm" solution="FieldService (6.2.0.342)" />
        <Dependent key="5" type="62" />
      </MissingDependency>
      <MissingDependency>
        <Required key="97" type="61" schemaName="msdyn_/Icons/Sitemap/RTV_32.png" displayName="msdyn_/Icons/Sitemap/RTV_32.png" solution="FieldService (6.2.0.342)" />
        <Dependent key="5" type="62" />
      </MissingDependency>
      <MissingDependency>
        <Required key="98" type="61" schemaName="msdyn_/Icons/Sitemap/Warehouse_32.png" displayName="msdyn_/Icons/Sitemap/Warehouse_32.png" solution="FieldService (6.2.0.342)" />
        <Dependent key="5" type="62" />
      </MissingDependency>
      <MissingDependency>
        <Required key="99" type="61" schemaName="msdyn_/fps/Icons/Entity/Calendar_32.png" displayName="msdyn_/fps/Icons/Entity/Calendar_32.png" solution="MicrosoftDynamicsScheduling (1.1.0.60)" />
        <Dependent key="5" type="62" />
      </MissingDependency>
      <MissingDependency>
        <Required key="100" type="61" schemaName="msdyn_/PersonalWall.htm" displayName="msdyn_/PersonalWall.htm" solution="ActivityFeedsCore (8.2.0.0)" />
        <Dependent key="5" type="62" />
      </MissingDependency>
      <MissingDependency>
        <Required key="101" type="61" schemaName="msdyn_/fps/ScheduleBoard/ScheduleBoard.html" displayName="msdyn_/fps/ScheduleBoard/ScheduleBoard.html" solution="MicrosoftDynamicsScheduling (1.1.0.60)" />
        <Dependent key="5" type="62" />
      </MissingDependency>
      <MissingDependency>
        <Required key="102" type="61" schemaName="msdyn_/Icons/Sitemap/Calendar_32.png" displayName="msdyn_/Icons/Sitemap/Calendar_32.png" solution="FieldService (6.2.0.342)" />
        <Dependent key="5" type="62" />
      </MissingDependency>
      <MissingDependency>
        <Required key="103" type="61" schemaName="msdyn_/Icons/Sitemap/FsNavTile.png" displayName="msdyn_/Icons/Sitemap/FsNavTile.png" solution="FieldService (6.2.0.342)" />
        <Dependent key="5" type="62" />
      </MissingDependency>
      <MissingDependency>
        <Required key="104" type="61" schemaName="msdyn_/Icons/Sitemap/ServiceAgreement_32.png" displayName="msdyn_/Icons/Sitemap/ServiceAgreement_32.png" solution="FieldService (6.2.0.342)" />
        <Dependent key="5" type="62" />
      </MissingDependency>
      <MissingDependency>
        <Required key="105" type="61" schemaName="msdyn_/Icons/Sitemap/PurchaseOrder_32.png" displayName="msdyn_/Icons/Sitemap/PurchaseOrder_32.png" solution="FieldService (6.2.0.342)" />
        <Dependent key="5" type="62" />
      </MissingDependency>
      <MissingDependency>
        <Required key="106" type="61" schemaName="msdyn_/OrgInsights/Index.html" displayName="msdyn_/OrgInsights/Index.html" solution="OrganizationInsightsSolution (1.3.0.1)" />
        <Dependent key="5" type="62" />
      </MissingDependency>
      <MissingDependency>
        <Required key="107" type="61" schemaName="msdyn_/Utils/head1.0.3.js" displayName="msdyn_/Utils/head1.0.3.js" solution="FieldService (6.2.0.342)" />
        <Dependent key="108" type="60" displayName="Contact" parentDisplayName="Contact" id="{1fed44d1-ae68-4a41-bd2b-f13acac4acfa}" />
      </MissingDependency>
      <MissingDependency>
        <Required key="109" type="61" schemaName="msdyn_/Contact/Contact.Library.js" displayName="msdyn_/Contact/Contact.Library.js" solution="FieldService (6.2.0.342)" />
        <Dependent key="108" type="60" displayName="Contact" parentDisplayName="Contact" id="{1fed44d1-ae68-4a41-bd2b-f13acac4acfa}" />
      </MissingDependency>
      <MissingDependency>
        <Required key="110" type="61" schemaName="msdyn_/IoT/Images/IoTDevices/IoTDevices16.png" displayName="msdyn_/IoT/Images/IoTDevices/IoTDevices16.png" solution="IoTConnector (1.0.17019.2)" />
        <Dependent key="0" type="1" schemaName="msdyn_iotdevice" displayName="IoT Device" />
      </MissingDependency>
      <MissingDependency>
        <Required key="111" type="61" schemaName="msdyn_/IoT/Images/IoTDevices/IoTDevices32/_imgs/NavBar/Invisible.gif" displayName="msdyn_/IoT/Images/IoTDevices/IoTDevices32/_imgs/NavBar/Invisible.gif" solution="IoTConnector (1.0.17019.2)" />
        <Dependent key="0" type="1" schemaName="msdyn_iotdevice" displayName="IoT Device" />
      </MissingDependency>
      <MissingDependency>
        <Required key="112" type="61" schemaName="msdyn_/IoT/Images/IoTAlerts/IoTAlerts32/_imgs/NavBar/Invisible.gif" displayName="msdyn_/IoT/Images/IoTAlerts/IoTAlerts32/_imgs/NavBar/Invisible.gif" solution="IoTConnector (1.0.17019.2)" />
        <Dependent key="2" type="1" schemaName="msdyn_iotalert" displayName="IoT Alert" />
      </MissingDependency>
      <MissingDependency>
        <Required key="113" type="61" schemaName="msdyn_/IoT/Images/IoTAlerts/IoTAlerts16.png" displayName="msdyn_/IoT/Images/IoTAlerts/IoTAlerts16.png" solution="IoTConnector (1.0.17019.2)" />
        <Dependent key="2" type="1" schemaName="msdyn_iotalert" displayName="IoT Alert" />
      </MissingDependency>
      <MissingDependency>
        <Required key="114" type="61" schemaName="msdyn_/IoT/Images/IoTAlerts/IoTAlerts32_white.png" displayName="msdyn_/IoT/Images/IoTAlerts/IoTAlerts32_white.png" solution="IoTConnector (1.0.17019.2)" />
        <Dependent key="5" type="62" />
      </MissingDependency>
      <MissingDependency>
        <Required key="115" type="61" schemaName="msdyn_/IoT/Images/Commands/Commands16.png" displayName="msdyn_/IoT/Images/Commands/Commands16.png" solution="IoTConnector (1.0.17019.2)" />
        <Dependent key="3" type="1" schemaName="msdyn_iotdevicecommand" displayName="IoT Device Command" />
      </MissingDependency>
      <MissingDependency>
        <Required key="116" type="61" schemaName="msdyn_/IoT/Images/Commands/Commands32/_imgs/NavBar/Invisible.gif" displayName="msdyn_/IoT/Images/Commands/Commands32/_imgs/NavBar/Invisible.gif" solution="IoTConnector (1.0.17019.2)" />
        <Dependent key="3" type="1" schemaName="msdyn_iotdevicecommand" displayName="IoT Device Command" />
      </MissingDependency>
      <MissingDependency>
        <Required key="117" type="61" schemaName="new_link16" displayName="new_link16" solution="Active" />
        <Dependent key="118" type="1" schemaName="new_link" displayName="Link" />
      </MissingDependency>
      <MissingDependency>
        <Required key="119" type="61" schemaName="new_Link32" displayName="new_Link32" solution="Active" />
        <Dependent key="118" type="1" schemaName="new_link" displayName="Link" />
      </MissingDependency>
      <MissingDependency>
        <Required key="120" type="61" schemaName="new_iotdevicerequests32" displayName="new_iotdevicerequests32" solution="Active" />
        <Dependent key="121" type="1" schemaName="new_devicerequest" displayName="IoT Device Request" />
      </MissingDependency>
      <MissingDependency>
        <Required key="122" type="61" schemaName="new_iotdevicesrequests16" displayName="new_iotdevicesrequests16" solution="Active" />
        <Dependent key="121" type="1" schemaName="new_devicerequest" displayName="IoT Device Request" />
      </MissingDependency>
      <MissingDependency>
        <Required key="123" type="61" schemaName="new_iotdevicereadings32" displayName="new_iotdevicereadings32" solution="Active" />
        <Dependent key="124" type="1" schemaName="new_devicereading" displayName="IoT Device Reading" />
      </MissingDependency>
      <MissingDependency>
        <Required key="125" type="61" schemaName="new_iotdevicereadings16" displayName="new_iotdevicereadings16" solution="Active" />
        <Dependent key="124" type="1" schemaName="new_devicereading" displayName="IoT Device Reading" />
      </MissingDependency>
      <MissingDependency>
        <Required key="126" type="61" schemaName="msdyn_/Icons/Sitemap/Settings_32.png" displayName="msdyn_/Icons/Sitemap/Settings_32.png" solution="FieldService (6.2.0.342)" />
        <Dependent key="5" type="62" />
      </MissingDependency>
      <MissingDependency>
        <Required key="127" type="61" schemaName="new_forecast32" displayName="new_forecast32" solution="Active" />
        <Dependent key="128" type="1" schemaName="new_dailyforecast" displayName="Daily Forecast" />
      </MissingDependency>
      <MissingDependency>
        <Required key="129" type="61" schemaName="new_forecast16" displayName="new_forecast16" solution="Active" />
        <Dependent key="128" type="1" schemaName="new_dailyforecast" displayName="Daily Forecast" />
      </MissingDependency>
      <MissingDependency>
        <Required key="130" type="61" schemaName="msdyn_/Images/Wall_16.png" displayName="msdyn_/Images/Wall_16.png" solution="ActivityFeedsCore (8.2.0.0)" />
        <Dependent key="5" type="62" />
      </MissingDependency>
    </MissingDependencies>
  </SolutionManifest>
</ImportExportXml>